{"loss": [0.6889271140098572, 0.6847676038742065, 0.6760600209236145, 0.6698040962219238, 0.6819540858268738, 0.6690043210983276, 0.6633268594741821, 0.6717552542686462, 0.6660763025283813, 0.6611031293869019, 0.6455128788948059, 0.6539717316627502, 0.6421590447425842, 0.6646920442581177, 0.6279255747795105], "accuracy": [0.534368097782135, 0.5565410256385803, 0.6164079904556274, 0.5964523553848267, 0.5853658318519592, 0.5853658318519592, 0.6053215265274048, 0.5942350625991821, 0.5942350625991821, 0.5875831246376038, 0.6607539057731628, 0.6319290399551392, 0.6541019678115845, 0.6319290399551392, 0.6607539057731628], "val_loss": [0.7048436999320984, 0.6817889213562012, 0.6732633113861084, 0.6843761205673218, 0.6721674799919128, 0.6666672825813293, 0.6475890278816223, 0.6662418842315674, 0.6367803812026978, 0.6195499300956726, 0.7498906254768372, 0.596538782119751, 0.594527006149292, 0.5873055458068848, 0.572859525680542], "val_accuracy": [0.5, 0.5078125, 0.7265625, 0.5, 0.5, 0.5, 0.6484375, 0.5078125, 0.703125, 0.7890625, 0.5, 0.765625, 0.7578125, 0.78125, 0.765625]}